"Module / Portal","Endpoint Name","HTTP Method","API Endpoint URL","Headers","Request Parameters / Payload Columns","Parameter Types & Constraints","Expected Response Columns","Description & Business Purpose"
"Public Marketing Website","Submit Buy Card Enquiry","POST","https://cupan.getfreedeal.com/api/public/enquiry.php","Content-Type: application/json","full_name, mobile, email, district, area, address, pin_code, preferred_contact_time, message","full_name (string, req), mobile (string 10-digit, req), email (string, opt), district (string, req), area (string, opt), address (string, req), pin_code (string 6-digit, req), message (string, opt)","{ success: true, message: string, data: { enquiry_id: number, reference_no: string } }","Allows citizens to request a physical/digital Health Mitra card from website. Generates lead for nearest district field agent."
"Public Marketing Website","Healthcare Partner Application","POST","https://cupan.getfreedeal.com/api/public/partner_apply.php","Content-Type: multipart/form-data","outlet_name, category_id, doctor_or_owner_name, mobile, email, district_id, area_id, full_address, pin_code, license_number, pan_number, discount_percentage, services_offered, license_document","outlet_name (string, req), category_id (int, req), doctor_or_owner_name (string, req), mobile (string, req), email (string, opt), district_id (int, req), area_id (int, req), full_address (string, req), discount_percentage (number, req), license_document (file pdf/jpg, opt)","{ success: true, message: string, data: { application_id: number, status: 'under_review' } }","Submits clinic / hospital / pharmacy onboarding application for review by super admin."
"Public Marketing Website","Contact & Support Enquiry","POST","https://cupan.getfreedeal.com/api/public/contact.php","Content-Type: application/json","name, email, phone, subject, message","name (string, req), email (string, req), phone (string 10-digit, req), subject (string, req), message (string, req)","{ success: true, message: string, data: { ticket_id: number } }","Receives general user questions, complaints, or feedback from public contact page."
"Public Marketing Website","Field Agent Application (Careers)","POST","https://cupan.getfreedeal.com/api/public/join_us.php","Content-Type: multipart/form-data","full_name, mobile, email, gender, dob, qualification, previous_experience, district_id, area_id, full_address, has_two_wheeler, resume_file","full_name (string, req), mobile (string, req), email (string, opt), qualification (string, req), district_id (int, req), has_two_wheeler (boolean, req), resume_file (file pdf/doc, opt)","{ success: true, message: string, data: { applicant_id: number, status: 'applied' } }","Captures applications from field sales agents wanting to join Health Mitra distribution force."
"Public Marketing Website","Public QR Card Instant Verify","GET","https://cupan.getfreedeal.com/api/public/verify_card.php?token={public_token}","None (Public access)","token (in query string)","token (string, req - encrypted public card identifier)","{ success: true, data: { is_valid: boolean, card_id: string, cardholder_name: string, photo_url: string, plan_name: string, expiry_date: string, status: 'active'|'expired'|'blocked', max_discount_pct: number, helpline_number: string } }","Scanned by pharmacists / clinics using smartphone camera to instantly verify card validity and member photo."
"Healthcare Partner Portal","Partner Login Authentication","POST","https://cupan.getfreedeal.com/api/partner/login.php","Content-Type: application/json","partner_code_or_email, password","partner_code_or_email (string, req), password (string, req)","{ success: true, token: string, data: { partner_id: number, partner_code: string, outlet_name: string, category: string, owner_name: string, district: string, mobile: string } }","Authenticates pharmacy/clinic partner outlet into their dedicated redemption workspace."
"Healthcare Partner Portal","Partner Dashboard Overview Metrics","GET","https://cupan.getfreedeal.com/api/partner/dashboard.php","Authorization: Bearer <token>","None","None","{ success: true, data: { total_patients_served: number, today_redemptions: number, this_month_redemptions: number, total_discount_given: number, active_category: string, agreement_status: 'signed'|'pending' } }","Powers stats widgets and graphs on Partner Dashboard homepage."
"Healthcare Partner Portal","Verify Card & Redeem Discount","POST","https://cupan.getfreedeal.com/api/partner/redeem.php","Authorization: Bearer <token>, Content-Type: application/json","card_number, service_id, original_bill_amount, discount_percentage, invoice_number, patient_notes","card_number (string, req - e.g. HMC-40748811), service_id (int, opt), original_bill_amount (number, req), discount_percentage (number, req), invoice_number (string, opt), patient_notes (string, opt)","{ success: true, message: string, data: { redemption_id: number, card_id: string, member_name: string, original_amount: number, discount_amount: number, net_payable_amount: number, transaction_time: string, receipt_no: string } }","Core transaction API for healthcare outlet to calculate discounted bill amount and log redemption."
"Healthcare Partner Portal","Partner Redemptions History","GET","https://cupan.getfreedeal.com/api/partner/verifications_history.php","Authorization: Bearer <token>","from_date, to_date, search, limit, offset","from_date (YYYY-MM-DD, opt), to_date (YYYY-MM-DD, opt), search (string card_id/name, opt), limit (int, opt default 20), offset (int, opt)","{ success: true, total: number, data: [ { id: number, card_id: string, member_name: string, bill_amount: number, discount_applied: number, final_amount: number, service_name: string, date: string } ] }","Lists all past card transactions and patient visits handled by this partner outlet."
"Healthcare Partner Portal","Partner Outlet Profile & Timings","GET, POST","https://cupan.getfreedeal.com/api/partner/profile.php","Authorization: Bearer <token>","GET: none | POST: outlet_name, contact_person, phone, email, opening_time, closing_time, closed_days, google_map_url, address","POST fields: opening_time (string, opt), closing_time (string, opt), closed_days (string, opt), google_map_url (string, opt)","{ success: true, data: { outlet_name: string, category: string, contact_person: string, phone: string, email: string, address: string, timings: string, map_link: string } }","Allows healthcare partner to view and update their business hours, location map, and contact info."
"Healthcare Partner Portal","Partner Custom Discount Services","GET, POST","https://cupan.getfreedeal.com/api/partner/services.php","Authorization: Bearer <token>","GET: none | POST: action ('add'|'edit'|'delete'), service_id, service_name, category_id, standard_price, member_discount_pct","action (string, req), service_name (string, req), standard_price (number, req), member_discount_pct (number, req)","{ success: true, message: string, data: [ { id: number, service_name: string, standard_price: number, discount_pct: number, effective_price: number } ] }","Enables clinic/lab to customize rates for OPD consultation, diagnostic tests, dental checkups, etc."
"Field Agent Portal","Field Agent Login Authentication","POST","https://cupan.getfreedeal.com/api/agent/login.php","Content-Type: application/json","agent_code_or_mobile, password","agent_code_or_mobile (string, req - e.g. HM-AGT-0101), password (string, req)","{ success: true, token: string, data: { agent_id: number, agent_code: string, full_name: string, mobile: string, district_id: number, district_name: string, photo_url: string } }","Authenticates on-ground field enrolment agent."
"Field Agent Portal","Field Agent Dashboard Overview","GET","https://cupan.getfreedeal.com/api/agent/dashboard.php","Authorization: Bearer <token>","None","None","{ success: true, data: { total_enrolments: number, today_enrolments: number, monthly_target: number, current_month_completed: number, total_earned_commission: number, pending_commission_payout: number, daily_target: number } }","Displays live enrolment numbers, daily targets, and pending earnings on Agent app."
"Field Agent Portal","Direct Member Enrolment (Issue Card)","POST","https://cupan.getfreedeal.com/api/agent/register_cardholder.php","Authorization: Bearer <token>, Content-Type: multipart/form-data","full_name, mobile, gender, dob, full_address, district_id, area_id, pin_code, blood_group, nominee_name, nominee_relation, nominee_phone, fee_collected, payment_method, id_proof_type, id_proof_number, photo_file","full_name (string, req), mobile (string 10-digit, req), gender ('male'|'female'|'other', req), dob (YYYY-MM-DD, req), full_address (string, req), district_id (int, req), blood_group (string, opt), nominee_name (string, req), fee_collected (number default 49, req), payment_method ('cash'|'upi'|'online', req), photo_file (image, opt)","{ success: true, message: string, data: { card_id: string, cardholder_id: number, digital_card_url: string, qr_token: string, validity_start: string, validity_end: string, receipt_no: string } }","Primary enrolment tool used by field agents to register families, collect ₹49 fee, and issue instant Health Mitra card."
"Field Agent Portal","Agent Enrolment List & Receipts","GET","https://cupan.getfreedeal.com/api/agent/cards_list.php","Authorization: Bearer <token>","status, search, from_date, to_date, limit, offset","status ('all'|'active'|'pending_verification', opt), search (string, opt), from_date (YYYY-MM-DD, opt), to_date (YYYY-MM-DD, opt)","{ success: true, total: number, data: [ { card_id: string, member_name: string, mobile: string, issue_date: string, expiry_date: string, status: string, commission_status: 'paid'|'pending' } ] }","Allows field agent to search enrolled citizens, check delivery status, and re-download receipt/card."
"Field Agent Portal","Agent Target & Performance Metrics","GET","https://cupan.getfreedeal.com/api/agent/performance.php","Authorization: Bearer <token>","month, year","month (int 1-12, opt), year (int, opt)","{ success: true, data: { monthly_target: number, achieved: number, remaining: number, progress_percent: number, daily_breakdown: [ { date: string, enrolments: number, commission: number } ] }","Shows target vs actual performance breakdown for field agents."
"Field Agent Portal","Agent Commission & Payout History","GET","https://cupan.getfreedeal.com/api/agent/commission_history.php","Authorization: Bearer <token>","payout_status, limit, offset","payout_status ('all'|'paid'|'pending', opt)","{ success: true, data: { lifetime_commission: number, paid_out: number, pending_clearance: number, history: [ { payout_id: number, date: string, cards_count: number, amount: number, reference_utr: string, status: 'completed'|'processing' } ] } }","Displays detailed bank credit/UTR details for agent incentive disbursements."
"Cardholder / Member Portal","Cardholder Login (OTP / PIN)","POST","https://cupan.getfreedeal.com/api/cardholder/login.php","Content-Type: application/json","mobile_number_or_card_id, otp_or_pin","mobile_number_or_card_id (string, req), otp_or_pin (string, req)","{ success: true, token: string, data: { cardholder_id: number, card_id: string, name: string, mobile: string, photo_url: string, expiry_date: string, status: 'active'|'expired' } }","Enables cardholder to log in using OTP or Access PIN to view digital card."
"Cardholder / Member Portal","Digital Health Card & Live QR","GET","https://cupan.getfreedeal.com/api/cardholder/digital_card.php","Authorization: Bearer <token>","None","None","{ success: true, data: { card_id: string, member_name: string, photo_url: string, blood_group: string, valid_from: string, valid_upto: string, status: 'active'|'expired', qr_data: string, nominee_name: string, district: string, emergency_helpline: string } }","Powers interactive digital card with QR code, flip animation, and offline download on Cardholder screen."
"Cardholder / Member Portal","Initiate Membership Renewal (₹49)","POST","https://cupan.getfreedeal.com/api/cardholder/renew_initiate.php","Authorization: Bearer <token>, Content-Type: application/json","card_id, payment_gateway","card_id (string, req), payment_gateway ('razorpay'|'phonepe'|'cashfree', opt default 'razorpay')","{ success: true, data: { order_id: string, amount_in_paise: 4900, currency: 'INR', key_id: string, customer_name: string, customer_mobile: string, customer_email: string } }","Generates payment gateway order for ₹49 annual renewal."
"Cardholder / Member Portal","Verify & Complete Renewal Payment","POST","https://cupan.getfreedeal.com/api/cardholder/renew_verify.php","Authorization: Bearer <token>, Content-Type: application/json","card_id, razorpay_payment_id, razorpay_order_id, razorpay_signature","card_id (string, req), razorpay_payment_id (string, req), razorpay_order_id (string, req), razorpay_signature (string, req)","{ success: true, message: 'Membership renewed successfully!', data: { card_id: string, old_expiry: string, new_expiry: string, payment_receipt_url: string, status: 'active' } }","Verifies payment gateway webhook/signature and extends cardholder membership by 365 days."
"Cardholder / Member Portal","Family Dependents Management","GET, POST","https://cupan.getfreedeal.com/api/cardholder/family_members.php","Authorization: Bearer <token>","GET: none | POST: action ('add'|'edit'|'delete'), dependent_id, full_name, relationship, age, gender, blood_group","action (string, req), full_name (string, req), relationship ('spouse'|'child'|'parent'|'other', req), age (int, req), gender (string, req)","{ success: true, data: [ { id: number, name: string, relation: string, age: number, gender: string, blood_group: string } ] }","Allows primary cardholder to list family members covered under healthcare discounts."
"Cardholder / Member Portal","Member Savings & Discount Ledger","GET","https://cupan.getfreedeal.com/api/cardholder/savings_history.php","Authorization: Bearer <token>","limit, offset","limit (int, opt), offset (int, opt)","{ success: true, data: { total_saved_amount: number, total_visits: number, history: [ { date: string, partner_name: string, outlet_category: string, bill_amount: number, discount_saved: number, final_paid: number } ] } }","Shows cardholder how much money they saved using Health Mitra at pharmacies and hospitals."
"District Coordinator Portal","District Coordinator Login","POST","https://cupan.getfreedeal.com/api/district/login.php","Content-Type: application/json","coordinator_email_or_mobile, password","coordinator_email_or_mobile (string, req), password (string, req)","{ success: true, token: string, data: { coordinator_id: number, name: string, district_id: number, district_name: string, mobile: string } }","District administrative desk login."
"District Coordinator Portal","District Operations Dashboard","GET","https://cupan.getfreedeal.com/api/district/dashboard.php","Authorization: Bearer <token>","None","None","{ success: true, data: { district_id: number, district_name: string, rollout_phase: string, total_cards_issued: number, target_cards: number, active_field_agents: number, total_partner_clinics: number, this_month_enrolments: number } }","District-level overview of card penetration, active field staff, and partner clinics."
"District Coordinator Portal","District Field Agents Roster","GET","https://cupan.getfreedeal.com/api/district/agents_list.php","Authorization: Bearer <token>","status, search, limit, offset","status ('all'|'active'|'inactive', opt), search (string, opt)","{ success: true, total: number, data: [ { agent_id: number, agent_code: string, name: string, mobile: string, assigned_area: string, total_cards: number, current_month_cards: number, target_achievement_pct: number, status: string } ] }","Allows District Coordinator to inspect, monitor, and guide all on-ground agents in their district."
"District Coordinator Portal","District Healthcare Partners Directory","GET","https://cupan.getfreedeal.com/api/district/partners_list.php","Authorization: Bearer <token>","category_id, search, limit, offset","category_id (int, opt), search (string, opt)","{ success: true, total: number, data: [ { partner_id: number, outlet_name: string, category: string, area: string, contact_person: string, mobile: string, patients_served: number, status: string } ] }","Directory of all participating hospitals, clinics, diagnostic centers, and pharmacies in the district."
"District Coordinator Portal","District Cards Distribution Log","GET","https://cupan.getfreedeal.com/api/district/cards_overview.php","Authorization: Bearer <token>","status, from_date, to_date, area_id, limit, offset","status (string, opt), from_date (YYYY-MM-DD, opt), to_date (YYYY-MM-DD, opt), area_id (int, opt)","{ success: true, total: number, data: [ { card_id: string, member_name: string, agent_code: string, area_name: string, issue_date: string, expiry_date: string, status: string } ] }","Audit list of all cards issued within the coordinator's district."
